Product ID,Product Name,Product URL,Image URL,Price
20906354,Oakland Athletics MLB Authentic Collection 59FIFTY Cap,http://shop.neweracap.com/Style/59Fifty-MLB-Authentic-Collection/20906354,"http://lf.lids.com/hwl?set=sku[20906354],c[2],w[400],h[300]&load=url[file:product]",25.99
20925020,Pittsburgh Pirates MLB Authentic Collection 59FIFTY Cap,http://shop.neweracap.com/Style/59Fifty-MLB-Authentic-Collection/20925020,"http://lf.lids.com/hwl?set=sku[20925020],c[2],w[400],h[300]&load=url[file:product]",25.99
20906302,Chicago White Sox MLB Authentic Collection 59FIFTY Cap,http://shop.neweracap.com/Style/59Fifty-MLB-Authentic-Collection/20906302,"http://lf.lids.com/hwl?set=sku[20906302],c[2],w[400],h[300]&load=url[file:product]",25.99
20929359,Cincinnati Reds MLB Authentic Collection 59FIFTY Cap,http://shop.neweracap.com/Style/59Fifty-MLB-Authentic-Collection/20929359,"http://lf.lids.com/hwl?set=sku[20929359],c[2],w[400],h[300]&load=url[file:product]",34.99
20925018,Pittsburgh Pirates MLB Authentic Collection 59FIFTY Cap,http://shop.neweracap.com/Style/59Fifty-MLB-Authentic-Collection/20925018,"http://lf.lids.com/hwl?set=sku[20925018],c[2],w[400],h[300]&load=url[file:product]",34.99
20917971,Minnesota Twins MLB Authentic Collection 59FIFTY Cap,http://shop.neweracap.com/Style/59Fifty-MLB-Authentic-Collection/20917971,"http://lf.lids.com/hwl?set=sku[20917971],c[2],w[400],h[300]&load=url[file:product]",25.99
20905587,Pittsburgh Pirates MLB Authentic Collection 59FIFTY Cap,http://shop.neweracap.com/Style/59Fifty-MLB-Authentic-Collection/20905587,"http://lf.lids.com/hwl?set=sku[20905587],c[2],w[400],h[300]&load=url[file:product]",34.99
20925019,New York Mets MLB Authentic Collection 59FIFTY Cap,http://shop.neweracap.com/Style/59Fifty-MLB-Authentic-Collection/20925019,"http://lf.lids.com/hwl?set=sku[20925019],c[2],w[400],h[300]&load=url[file:product]",25.99
20925017,New York Mets MLB Authentic Collection 59FIFTY Cap,http://shop.neweracap.com/Style/59Fifty-MLB-Authentic-Collection/20925017,"http://lf.lids.com/hwl?set=sku[20925017],c[2],w[400],h[300]&load=url[file:product]",34.99
20911674,Toronto Blue Jays MLB Authentic Collection 59FIFTY Cap,http://shop.neweracap.com/Style/59Fifty-MLB-Authentic-Collection/20911674,"http://lf.lids.com/hwl?set=sku[20911674],c[2],w[400],h[300]&load=url[file:product]",25.99
20911691,Arizona Diamondbacks MLB Authentic Collection 59FIFTY Cap,http://shop.neweracap.com/Style/59Fifty-MLB-Authentic-Collection/20911691,"http://lf.lids.com/hwl?set=sku[20911691],c[2],w[400],h[300]&load=url[file:product]",25.99
20906339,Kansas City Royals MLB Authentic Collection 59FIFTY Cap,http://shop.neweracap.com/Style/59Fifty-MLB-Authentic-Collection/20906339,"http://lf.lids.com/hwl?set=sku[20906339],c[2],w[400],h[300]&load=url[file:product]",25.99
20906362,San Diego Padres MLB Authentic Collection 59FIFTY Cap,http://shop.neweracap.com/Style/59Fifty-MLB-Authentic-Collection/20906362,"http://lf.lids.com/hwl?set=sku[20906362],c[2],w[400],h[300]&load=url[file:product]",25.99
20906359,Pittsburgh Pirates MLB Authentic Collection 59FIFTY Cap,http://shop.neweracap.com/Style/59Fifty-MLB-Authentic-Collection/20906359,"http://lf.lids.com/hwl?set=sku[20906359],c[2],w[400],h[300]&load=url[file:product]",25.99
20906351,New York Mets MLB Authentic Collection 59FIFTY Cap,http://shop.neweracap.com/Style/59Fifty-MLB-Authentic-Collection/20906351,"http://lf.lids.com/hwl?set=sku[20906351],c[2],w[400],h[300]&load=url[file:product]",25.99
20906289,Arizona Diamondbacks MLB Authentic Collection 59FIFTY Cap,http://shop.neweracap.com/Style/59Fifty-MLB-Authentic-Collection/20906289,"http://lf.lids.com/hwl?set=sku[20906289],c[2],w[400],h[300]&load=url[file:product]",25.99
20911676,Toronto Blue Jays MLB Authentic Collection 59FIFTY Cap,http://shop.neweracap.com/Style/59Fifty-MLB-Authentic-Collection/20911676,"http://lf.lids.com/hwl?set=sku[20911676],c[2],w[400],h[300]&load=url[file:product]",25.99
20911675,Toronto Blue Jays MLB Authentic Collection 59FIFTY Cap,http://shop.neweracap.com/Style/59Fifty-MLB-Authentic-Collection/20911675,"http://lf.lids.com/hwl?set=sku[20911675],c[2],w[400],h[300]&load=url[file:product]",25.99
20911678,Washington Nationals MLB Authentic Collection 59FIFTY Cap,http://shop.neweracap.com/Style/59Fifty-MLB-Authentic-Collection/20911678,"http://lf.lids.com/hwl?set=sku[20911678],c[2],w[400],h[300]&load=url[file:product]",25.99
20911677,Washington Nationals MLB Authentic Collection 59FIFTY Cap,http://shop.neweracap.com/Style/59Fifty-MLB-Authentic-Collection/20911677,"http://lf.lids.com/hwl?set=sku[20911677],c[2],w[400],h[300]&load=url[file:product]",25.99
20906352,New York Yankees MLB Authentic Collection 59FIFTY Cap,http://shop.neweracap.com/Style/59Fifty-MLB-Authentic-Collection/20906352,"http://lf.lids.com/hwl?set=sku[20906352],c[2],w[400],h[300]&load=url[file:product]",25.99
20906300,Chicago Cubs MLB Authentic Collection 59FIFTY Cap,http://shop.neweracap.com/Style/59Fifty-MLB-Authentic-Collection/20906300,"http://lf.lids.com/hwl?set=sku[20906300],c[2],w[400],h[300]&load=url[file:product]",25.99
20906375,Toronto Blue Jays MLB Authentic Collection 59FIFTY Cap,http://shop.neweracap.com/Style/59Fifty-MLB-Authentic-Collection/20906375,"http://lf.lids.com/hwl?set=sku[20906375],c[2],w[400],h[300]&load=url[file:product]",25.99
20906353,Oakland Athletics MLB Authentic Collection 59FIFTY Cap,http://shop.neweracap.com/Style/59Fifty-MLB-Authentic-Collection/20906353,"http://lf.lids.com/hwl?set=sku[20906353],c[2],w[400],h[300]&load=url[file:product]",25.99
20906285,Los Angeles Angels MLB Authentic Collection 59FIFTY Cap,http://shop.neweracap.com/Style/59Fifty-MLB-Authentic-Collection/20906285,"http://lf.lids.com/hwl?set=sku[20906285],c[2],w[400],h[300]&load=url[file:product]",25.99
20906350,New York Mets MLB Authentic Collection 59FIFTY Cap,http://shop.neweracap.com/Style/59Fifty-MLB-Authentic-Collection/20906350,"http://lf.lids.com/hwl?set=sku[20906350],c[2],w[400],h[300]&load=url[file:product]",25.99
20906376,Washington Nationals MLB Authentic Collection 59FIFTY Cap,http://shop.neweracap.com/Style/59Fifty-MLB-Authentic-Collection/20906376,"http://lf.lids.com/hwl?set=sku[20906376],c[2],w[400],h[300]&load=url[file:product]",25.99
20906374,Texas Rangers MLB Authentic Collection 59FIFTY Cap,http://shop.neweracap.com/Style/59Fifty-MLB-Authentic-Collection/20906374,"http://lf.lids.com/hwl?set=sku[20906374],c[2],w[400],h[300]&load=url[file:product]",25.99
20906370,St. Louis Cardinals MLB Authentic Collection 59FIFTY Cap,http://shop.neweracap.com/Style/59Fifty-MLB-Authentic-Collection/20906370,"http://lf.lids.com/hwl?set=sku[20906370],c[2],w[400],h[300]&load=url[file:product]",25.99
20906368,St. Louis Cardinals MLB Authentic Collection 59FIFTY Cap,http://shop.neweracap.com/Style/59Fifty-MLB-Authentic-Collection/20906368,"http://lf.lids.com/hwl?set=sku[20906368],c[2],w[400],h[300]&load=url[file:product]",25.99
20906349,Minnesota Twins MLB Authentic Collection 59FIFTY Cap,http://shop.neweracap.com/Style/59Fifty-MLB-Authentic-Collection/20906349,"http://lf.lids.com/hwl?set=sku[20906349],c[2],w[400],h[300]&load=url[file:product]",25.99
20906297,Boston Red Sox MLB Authentic Collection 59FIFTY Cap,http://shop.neweracap.com/Style/59Fifty-MLB-Authentic-Collection/20906297,"http://lf.lids.com/hwl?set=sku[20906297],c[2],w[400],h[300]&load=url[file:product]",25.99
20906290,Atlanta Braves MLB Authentic Collection 59FIFTY Cap,http://shop.neweracap.com/Style/59Fifty-MLB-Authentic-Collection/20906290,"http://lf.lids.com/hwl?set=sku[20906290],c[2],w[400],h[300]&load=url[file:product]",25.99
20906287,Arizona Diamondbacks MLB Authentic Collection 59FIFTY Cap,http://shop.neweracap.com/Style/59Fifty-MLB-Authentic-Collection/20906287,"http://lf.lids.com/hwl?set=sku[20906287],c[2],w[400],h[300]&load=url[file:product]",25.99
20906377,Washington Nationals MLB Authentic Collection 59FIFTY Cap,http://shop.neweracap.com/Style/59Fifty-MLB-Authentic-Collection/20906377,"http://lf.lids.com/hwl?set=sku[20906377],c[2],w[400],h[300]&load=url[file:product]",25.99
20906364,San Francisco Giants MLB Authentic Collection 59FIFTY Cap,http://shop.neweracap.com/Style/59Fifty-MLB-Authentic-Collection/20906364,"http://lf.lids.com/hwl?set=sku[20906364],c[2],w[400],h[300]&load=url[file:product]",25.99
20906361,San Diego Padres MLB Authentic Collection 59FIFTY Cap,http://shop.neweracap.com/Style/59Fifty-MLB-Authentic-Collection/20906361,"http://lf.lids.com/hwl?set=sku[20906361],c[2],w[400],h[300]&load=url[file:product]",25.99
20906358,Pittsburgh Pirates MLB Authentic Collection 59FIFTY Cap,http://shop.neweracap.com/Style/59Fifty-MLB-Authentic-Collection/20906358,"http://lf.lids.com/hwl?set=sku[20906358],c[2],w[400],h[300]&load=url[file:product]",25.99
20906355,Philadelphia Phillies MLB Authentic Collection 59FIFTY Cap,http://shop.neweracap.com/Style/59Fifty-MLB-Authentic-Collection/20906355,"http://lf.lids.com/hwl?set=sku[20906355],c[2],w[400],h[300]&load=url[file:product]",25.99
20906348,Minnesota Twins MLB Authentic Collection 59FIFTY Cap,http://shop.neweracap.com/Style/59Fifty-MLB-Authentic-Collection/20906348,"http://lf.lids.com/hwl?set=sku[20906348],c[2],w[400],h[300]&load=url[file:product]",25.99
20906346,Milwaukee Brewers MLB Authentic Collection 59FIFTY Cap,http://shop.neweracap.com/Style/59Fifty-MLB-Authentic-Collection/20906346,"http://lf.lids.com/hwl?set=sku[20906346],c[2],w[400],h[300]&load=url[file:product]",25.99
20906343,Miami Marlins MLB Authentic Collection 59FIFTY Cap,http://shop.neweracap.com/Style/59Fifty-MLB-Authentic-Collection/20906343,"http://lf.lids.com/hwl?set=sku[20906343],c[2],w[400],h[300]&load=url[file:product]",25.99
20906342,Miami Marlins MLB Authentic Collection 59FIFTY Cap,http://shop.neweracap.com/Style/59Fifty-MLB-Authentic-Collection/20906342,"http://lf.lids.com/hwl?set=sku[20906342],c[2],w[400],h[300]&load=url[file:product]",25.99
20906338,Kansas City Royals MLB Authentic Collection 59FIFTY Cap,http://shop.neweracap.com/Style/59Fifty-MLB-Authentic-Collection/20906338,"http://lf.lids.com/hwl?set=sku[20906338],c[2],w[400],h[300]&load=url[file:product]",25.99
20906335,Houston Astros MLB Authentic Collection 59FIFTY Cap,http://shop.neweracap.com/Style/59Fifty-MLB-Authentic-Collection/20906335,"http://lf.lids.com/hwl?set=sku[20906335],c[2],w[400],h[300]&load=url[file:product]",25.99
20906333,Detroit Tigers MLB Authentic Collection 59FIFTY Cap,http://shop.neweracap.com/Style/59Fifty-MLB-Authentic-Collection/20906333,"http://lf.lids.com/hwl?set=sku[20906333],c[2],w[400],h[300]&load=url[file:product]",25.99
20906331,Colorado Rockies MLB Authentic Collection 59FIFTY Cap,http://shop.neweracap.com/Style/59Fifty-MLB-Authentic-Collection/20906331,"http://lf.lids.com/hwl?set=sku[20906331],c[2],w[400],h[300]&load=url[file:product]",25.99
20906308,Cleveland Indians MLB Authentic Collection 59FIFTY Cap,http://shop.neweracap.com/Style/59Fifty-MLB-Authentic-Collection/20906308,"http://lf.lids.com/hwl?set=sku[20906308],c[2],w[400],h[300]&load=url[file:product]",25.99
20906301,Chicago White Sox MLB Authentic Collection 59FIFTY Cap,http://shop.neweracap.com/Style/59Fifty-MLB-Authentic-Collection/20906301,"http://lf.lids.com/hwl?set=sku[20906301],c[2],w[400],h[300]&load=url[file:product]",25.99
20906295,Baltimore Orioles MLB Authentic Collection 59FIFTY Cap,http://shop.neweracap.com/Style/59Fifty-MLB-Authentic-Collection/20906295,"http://lf.lids.com/hwl?set=sku[20906295],c[2],w[400],h[300]&load=url[file:product]",25.99
20906291,Atlanta Braves MLB Authentic Collection 59FIFTY Cap,http://shop.neweracap.com/Style/59Fifty-MLB-Authentic-Collection/20906291,"http://lf.lids.com/hwl?set=sku[20906291],c[2],w[400],h[300]&load=url[file:product]",25.99
20906378,Washington Nationals MLB Authentic Collection 59FIFTY Cap,http://shop.neweracap.com/Style/59Fifty-MLB-Authentic-Collection/20906378,"http://lf.lids.com/hwl?set=sku[20906378],c[2],w[400],h[300]&load=url[file:product]",25.99
20906372,Texas Rangers MLB Authentic Collection 59FIFTY Cap,http://shop.neweracap.com/Style/59Fifty-MLB-Authentic-Collection/20906372,"http://lf.lids.com/hwl?set=sku[20906372],c[2],w[400],h[300]&load=url[file:product]",25.99
20906371,Tampa Bay Rays MLB Authentic Collection 59FIFTY Cap,http://shop.neweracap.com/Style/59Fifty-MLB-Authentic-Collection/20906371,"http://lf.lids.com/hwl?set=sku[20906371],c[2],w[400],h[300]&load=url[file:product]",25.99
20906369,St. Louis Cardinals MLB Authentic Collection 59FIFTY Cap,http://shop.neweracap.com/Style/59Fifty-MLB-Authentic-Collection/20906369,"http://lf.lids.com/hwl?set=sku[20906369],c[2],w[400],h[300]&load=url[file:product]",25.99
20906360,San Diego Padres MLB Authentic Collection 59FIFTY Cap,http://shop.neweracap.com/Style/59Fifty-MLB-Authentic-Collection/20906360,"http://lf.lids.com/hwl?set=sku[20906360],c[2],w[400],h[300]&load=url[file:product]",25.99
20906357,Pittsburgh Pirates MLB Authentic Collection 59FIFTY Cap,http://shop.neweracap.com/Style/59Fifty-MLB-Authentic-Collection/20906357,"http://lf.lids.com/hwl?set=sku[20906357],c[2],w[400],h[300]&load=url[file:product]",25.99
20906356,Philadelphia Phillies MLB Authentic Collection 59FIFTY Cap,http://shop.neweracap.com/Style/59Fifty-MLB-Authentic-Collection/20906356,"http://lf.lids.com/hwl?set=sku[20906356],c[2],w[400],h[300]&load=url[file:product]",25.99
20906347,Minnesota Twins MLB Authentic Collection 59FIFTY Cap,http://shop.neweracap.com/Style/59Fifty-MLB-Authentic-Collection/20906347,"http://lf.lids.com/hwl?set=sku[20906347],c[2],w[400],h[300]&load=url[file:product]",25.99
20906345,Milwaukee Brewers MLB Authentic Collection 59FIFTY Cap,http://shop.neweracap.com/Style/59Fifty-MLB-Authentic-Collection/20906345,"http://lf.lids.com/hwl?set=sku[20906345],c[2],w[400],h[300]&load=url[file:product]",25.99
20906344,Milwaukee Brewers MLB Authentic Collection 59FIFTY Cap,http://shop.neweracap.com/Style/59Fifty-MLB-Authentic-Collection/20906344,"http://lf.lids.com/hwl?set=sku[20906344],c[2],w[400],h[300]&load=url[file:product]",25.99
20906337,Houston Astros MLB Authentic Collection 59FIFTY Cap,http://shop.neweracap.com/Style/59Fifty-MLB-Authentic-Collection/20906337,"http://lf.lids.com/hwl?set=sku[20906337],c[2],w[400],h[300]&load=url[file:product]",25.99
20906336,Houston Astros MLB Authentic Collection 59FIFTY Cap,http://shop.neweracap.com/Style/59Fifty-MLB-Authentic-Collection/20906336,"http://lf.lids.com/hwl?set=sku[20906336],c[2],w[400],h[300]&load=url[file:product]",25.99
20906334,Detroit Tigers MLB Authentic Collection 59FIFTY Cap,http://shop.neweracap.com/Style/59Fifty-MLB-Authentic-Collection/20906334,"http://lf.lids.com/hwl?set=sku[20906334],c[2],w[400],h[300]&load=url[file:product]",25.99
20906332,Colorado Rockies MLB Authentic Collection 59FIFTY Cap,http://shop.neweracap.com/Style/59Fifty-MLB-Authentic-Collection/20906332,"http://lf.lids.com/hwl?set=sku[20906332],c[2],w[400],h[300]&load=url[file:product]",25.99
20906330,Colorado Rockies MLB Authentic Collection 59FIFTY Cap,http://shop.neweracap.com/Style/59Fifty-MLB-Authentic-Collection/20906330,"http://lf.lids.com/hwl?set=sku[20906330],c[2],w[400],h[300]&load=url[file:product]",25.99
20906329,Cleveland Indians MLB Authentic Collection 59FIFTY Cap,http://shop.neweracap.com/Style/59Fifty-MLB-Authentic-Collection/20906329,"http://lf.lids.com/hwl?set=sku[20906329],c[2],w[400],h[300]&load=url[file:product]",25.99
20906306,Cleveland Indians MLB Authentic Collection 59FIFTY Cap,http://shop.neweracap.com/Style/59Fifty-MLB-Authentic-Collection/20906306,"http://lf.lids.com/hwl?set=sku[20906306],c[2],w[400],h[300]&load=url[file:product]",25.99
20906305,Cincinnati Reds MLB Authentic Collection 59FIFTY Cap,http://shop.neweracap.com/Style/59Fifty-MLB-Authentic-Collection/20906305,"http://lf.lids.com/hwl?set=sku[20906305],c[2],w[400],h[300]&load=url[file:product]",25.99
20906304,Cincinnati Reds MLB Authentic Collection 59FIFTY Cap,http://shop.neweracap.com/Style/59Fifty-MLB-Authentic-Collection/20906304,"http://lf.lids.com/hwl?set=sku[20906304],c[2],w[400],h[300]&load=url[file:product]",25.99
20906303,Cincinnati Reds MLB Authentic Collection 59FIFTY Cap,http://shop.neweracap.com/Style/59Fifty-MLB-Authentic-Collection/20906303,"http://lf.lids.com/hwl?set=sku[20906303],c[2],w[400],h[300]&load=url[file:product]",25.99
20906298,Boston Red Sox MLB Authentic Collection 59FIFTY Cap,http://shop.neweracap.com/Style/59Fifty-MLB-Authentic-Collection/20906298,"http://lf.lids.com/hwl?set=sku[20906298],c[2],w[400],h[300]&load=url[file:product]",25.99
20906296,Baltimore Orioles MLB Authentic Collection 59FIFTY Cap,http://shop.neweracap.com/Style/59Fifty-MLB-Authentic-Collection/20906296,"http://lf.lids.com/hwl?set=sku[20906296],c[2],w[400],h[300]&load=url[file:product]",25.99
20906293,Atlanta Braves MLB Authentic Collection 59FIFTY Cap,http://shop.neweracap.com/Style/59Fifty-MLB-Authentic-Collection/20906293,"http://lf.lids.com/hwl?set=sku[20906293],c[2],w[400],h[300]&load=url[file:product]",25.99
20906288,Arizona Diamondbacks MLB Authentic Collection 59FIFTY Cap,http://shop.neweracap.com/Style/59Fifty-MLB-Authentic-Collection/20906288,"http://lf.lids.com/hwl?set=sku[20906288],c[2],w[400],h[300]&load=url[file:product]",25.99
20906286,Arizona Diamondbacks MLB Authentic Collection 59FIFTY Cap,http://shop.neweracap.com/Style/59Fifty-MLB-Authentic-Collection/20906286,"http://lf.lids.com/hwl?set=sku[20906286],c[2],w[400],h[300]&load=url[file:product]",25.99
20905605,Toronto Blue Jays MLB Authentic Collection 59FIFTY Cap,http://shop.neweracap.com/Style/59Fifty-MLB-Authentic-Collection/20905605,"http://lf.lids.com/hwl?set=sku[20905605],c[2],w[400],h[300]&load=url[file:product]",34.99
20905604,Toronto Blue Jays MLB Authentic Collection 59FIFTY Cap,http://shop.neweracap.com/Style/59Fifty-MLB-Authentic-Collection/20905604,"http://lf.lids.com/hwl?set=sku[20905604],c[2],w[400],h[300]&load=url[file:product]",34.99
20906340,Los Angeles Dodgers MLB Authentic Collection 59FIFTY Cap,http://shop.neweracap.com/Style/59Fifty-MLB-Authentic-Collection/20906340,"http://lf.lids.com/hwl?set=sku[20906340],c[2],w[400],h[300]&load=url[file:product]",25.99
20906363,San Francisco Giants MLB Authentic Collection 59FIFTY Cap,http://shop.neweracap.com/Style/59Fifty-MLB-Authentic-Collection/20906363,"http://lf.lids.com/hwl?set=sku[20906363],c[2],w[400],h[300]&load=url[file:product]",25.99
20906307,Cleveland Indians MLB Authentic Collection 59FIFTY Cap,http://shop.neweracap.com/Style/59Fifty-MLB-Authentic-Collection/20906307,"http://lf.lids.com/hwl?set=sku[20906307],c[2],w[400],h[300]&load=url[file:product]",25.99
20906294,Baltimore Orioles MLB Authentic Collection 59FIFTY Cap,http://shop.neweracap.com/Style/59Fifty-MLB-Authentic-Collection/20906294,"http://lf.lids.com/hwl?set=sku[20906294],c[2],w[400],h[300]&load=url[file:product]",25.99
20905579,New York Mets MLB Authentic Collection 59FIFTY Cap,http://shop.neweracap.com/Style/59Fifty-MLB-Authentic-Collection/20905579,"http://lf.lids.com/hwl?set=sku[20905579],c[2],w[400],h[300]&load=url[file:product]",34.99
20905581,Oakland Athletics MLB Authentic Collection 59FIFTY Cap,http://shop.neweracap.com/Style/59Fifty-MLB-Authentic-Collection/20905581,"http://lf.lids.com/hwl?set=sku[20905581],c[2],w[400],h[300]&load=url[file:product]",34.99
20905572,Milwaukee Brewers MLB Authentic Collection 59FIFTY Cap,http://shop.neweracap.com/Style/59Fifty-MLB-Authentic-Collection/20905572,"http://lf.lids.com/hwl?set=sku[20905572],c[2],w[400],h[300]&load=url[file:product]",34.99
20905549,Chicago White Sox MLB Authentic Collection 59FIFTY Cap,http://shop.neweracap.com/Style/59Fifty-MLB-Authentic-Collection/20905549,"http://lf.lids.com/hwl?set=sku[20905549],c[2],w[400],h[300]&load=url[file:product]",34.99
20905584,Philadelphia Phillies MLB Authentic Collection 59FIFTY Cap,http://shop.neweracap.com/Style/59Fifty-MLB-Authentic-Collection/20905584,"http://lf.lids.com/hwl?set=sku[20905584],c[2],w[400],h[300]&load=url[file:product]",34.99
20905536,Arizona Diamondbacks MLB Authentic Collection 59FIFTY Cap,http://shop.neweracap.com/Style/59Fifty-MLB-Authentic-Collection/20905536,"http://lf.lids.com/hwl?set=sku[20905536],c[2],w[400],h[300]&load=url[file:product]",34.99
20905576,Minnesota Twins MLB Authentic Collection 59FIFTY Cap,http://shop.neweracap.com/Style/59Fifty-MLB-Authentic-Collection/20905576,"http://lf.lids.com/hwl?set=sku[20905576],c[2],w[400],h[300]&load=url[file:product]",34.99
20905590,San Diego Padres MLB Authentic Collection 59FIFTY Cap,http://shop.neweracap.com/Style/59Fifty-MLB-Authentic-Collection/20905590,"http://lf.lids.com/hwl?set=sku[20905590],c[2],w[400],h[300]&load=url[file:product]",34.99
20905574,Minnesota Twins MLB Authentic Collection 59FIFTY Cap,http://shop.neweracap.com/Style/59Fifty-MLB-Authentic-Collection/20905574,"http://lf.lids.com/hwl?set=sku[20905574],c[2],w[400],h[300]&load=url[file:product]",34.99
20905553,Cleveland Indians MLB Authentic Collection 59FIFTY Cap,http://shop.neweracap.com/Style/59Fifty-MLB-Authentic-Collection/20905553,"http://lf.lids.com/hwl?set=sku[20905553],c[2],w[400],h[300]&load=url[file:product]",34.99
20905598,St. Louis Cardinals MLB Authentic Collection 59FIFTY Cap,http://shop.neweracap.com/Style/59Fifty-MLB-Authentic-Collection/20905598,"http://lf.lids.com/hwl?set=sku[20905598],c[2],w[400],h[300]&load=url[file:product]",34.99
20905560,Detroit Tigers MLB Authentic Collection 59FIFTY Cap,http://shop.neweracap.com/Style/59Fifty-MLB-Authentic-Collection/20905560,"http://lf.lids.com/hwl?set=sku[20905560],c[2],w[400],h[300]&load=url[file:product]",34.99
20905585,Pittsburgh Pirates MLB Authentic Collection 59FIFTY Cap,http://shop.neweracap.com/Style/59Fifty-MLB-Authentic-Collection/20905585,"http://lf.lids.com/hwl?set=sku[20905585],c[2],w[400],h[300]&load=url[file:product]",34.99
20905554,Cleveland Indians MLB Authentic Collection 59FIFTY Cap,http://shop.neweracap.com/Style/59Fifty-MLB-Authentic-Collection/20905554,"http://lf.lids.com/hwl?set=sku[20905554],c[2],w[400],h[300]&load=url[file:product]",34.99
20905582,Oakland Athletics MLB Authentic Collection 59FIFTY Cap,http://shop.neweracap.com/Style/59Fifty-MLB-Authentic-Collection/20905582,"http://lf.lids.com/hwl?set=sku[20905582],c[2],w[400],h[300]&load=url[file:product]",34.99
20905568,Miami Marlins MLB Authentic Collection 59FIFTY Cap,http://shop.neweracap.com/Style/59Fifty-MLB-Authentic-Collection/20905568,"http://lf.lids.com/hwl?set=sku[20905568],c[2],w[400],h[300]&load=url[file:product]",34.99
20905540,Atlanta Braves MLB Authentic Collection 59FIFTY Cap,http://shop.neweracap.com/Style/59Fifty-MLB-Authentic-Collection/20905540,"http://lf.lids.com/hwl?set=sku[20905540],c[2],w[400],h[300]&load=url[file:product]",34.99
20905556,Cleveland Indians MLB Authentic Collection 59FIFTY Cap,http://shop.neweracap.com/Style/59Fifty-MLB-Authentic-Collection/20905556,"http://lf.lids.com/hwl?set=sku[20905556],c[2],w[400],h[300]&load=url[file:product]",34.99
20905551,Cincinnati Reds MLB Authentic Collection 59FIFTY Cap,http://shop.neweracap.com/Style/59Fifty-MLB-Authentic-Collection/20905551,"http://lf.lids.com/hwl?set=sku[20905551],c[2],w[400],h[300]&load=url[file:product]",34.99
20905541,Baltimore Orioles MLB Authentic Collection 59FIFTY Cap,http://shop.neweracap.com/Style/59Fifty-MLB-Authentic-Collection/20905541,"http://lf.lids.com/hwl?set=sku[20905541],c[2],w[400],h[300]&load=url[file:product]",34.99
20905538,Atlanta Braves MLB Authentic Collection 59FIFTY Cap,http://shop.neweracap.com/Style/59Fifty-MLB-Authentic-Collection/20905538,"http://lf.lids.com/hwl?set=sku[20905538],c[2],w[400],h[300]&load=url[file:product]",34.99
20905532,Los Angeles Angels MLB Authentic Collection 59FIFTY Cap,http://shop.neweracap.com/Style/59Fifty-MLB-Authentic-Collection/20905532,"http://lf.lids.com/hwl?set=sku[20905532],c[2],w[400],h[300]&load=url[file:product]",34.99
20905607,Washington Nationals MLB Authentic Collection 59FIFTY Cap,http://shop.neweracap.com/Style/59Fifty-MLB-Authentic-Collection/20905607,"http://lf.lids.com/hwl?set=sku[20905607],c[2],w[400],h[300]&load=url[file:product]",34.99
20905546,Boston Red Sox MLB Authentic Collection 59FIFTY Cap,http://shop.neweracap.com/Style/59Fifty-MLB-Authentic-Collection/20905546,"http://lf.lids.com/hwl?set=sku[20905546],c[2],w[400],h[300]&load=url[file:product]",34.99
20905578,New York Mets MLB Authentic Collection 59FIFTY Cap,http://shop.neweracap.com/Style/59Fifty-MLB-Authentic-Collection/20905578,"http://lf.lids.com/hwl?set=sku[20905578],c[2],w[400],h[300]&load=url[file:product]",34.99
20905561,Detroit Tigers MLB Authentic Collection 59FIFTY Cap,http://shop.neweracap.com/Style/59Fifty-MLB-Authentic-Collection/20905561,"http://lf.lids.com/hwl?set=sku[20905561],c[2],w[400],h[300]&load=url[file:product]",34.99
20905543,Baltimore Orioles MLB Authentic Collection 59FIFTY Cap,http://shop.neweracap.com/Style/59Fifty-MLB-Authentic-Collection/20905543,"http://lf.lids.com/hwl?set=sku[20905543],c[2],w[400],h[300]&load=url[file:product]",34.99
20905606,Washington Nationals MLB Authentic Collection 59FIFTY Cap,http://shop.neweracap.com/Style/59Fifty-MLB-Authentic-Collection/20905606,"http://lf.lids.com/hwl?set=sku[20905606],c[2],w[400],h[300]&load=url[file:product]",34.99
20905583,Philadelphia Phillies MLB Authentic Collection 59FIFTY Cap,http://shop.neweracap.com/Style/59Fifty-MLB-Authentic-Collection/20905583,"http://lf.lids.com/hwl?set=sku[20905583],c[2],w[400],h[300]&load=url[file:product]",34.99
20905596,St. Louis Cardinals MLB Authentic Collection 59FIFTY Cap,http://shop.neweracap.com/Style/59Fifty-MLB-Authentic-Collection/20905596,"http://lf.lids.com/hwl?set=sku[20905596],c[2],w[400],h[300]&load=url[file:product]",34.99
20905571,Milwaukee Brewers MLB Authentic Collection 59FIFTY Cap,http://shop.neweracap.com/Style/59Fifty-MLB-Authentic-Collection/20905571,"http://lf.lids.com/hwl?set=sku[20905571],c[2],w[400],h[300]&load=url[file:product]",34.99
20905562,Houston Astros MLB Authentic Collection 59FIFTY Cap,http://shop.neweracap.com/Style/59Fifty-MLB-Authentic-Collection/20905562,"http://lf.lids.com/hwl?set=sku[20905562],c[2],w[400],h[300]&load=url[file:product]",34.99
20905550,Cincinnati Reds MLB Authentic Collection 59FIFTY Cap,http://shop.neweracap.com/Style/59Fifty-MLB-Authentic-Collection/20905550,"http://lf.lids.com/hwl?set=sku[20905550],c[2],w[400],h[300]&load=url[file:product]",34.99
20905600,Texas Rangers MLB Authentic Collection 59FIFTY Cap,http://shop.neweracap.com/Style/59Fifty-MLB-Authentic-Collection/20905600,"http://lf.lids.com/hwl?set=sku[20905600],c[2],w[400],h[300]&load=url[file:product]",34.99
20905563,Houston Astros MLB Authentic Collection 59FIFTY Cap,http://shop.neweracap.com/Style/59Fifty-MLB-Authentic-Collection/20905563,"http://lf.lids.com/hwl?set=sku[20905563],c[2],w[400],h[300]&load=url[file:product]",34.99
20905544,Baltimore Orioles MLB Authentic Collection 59FIFTY Cap,http://shop.neweracap.com/Style/59Fifty-MLB-Authentic-Collection/20905544,"http://lf.lids.com/hwl?set=sku[20905544],c[2],w[400],h[300]&load=url[file:product]",34.99
20905603,Toronto Blue Jays MLB Authentic Collection 59FIFTY Cap,http://shop.neweracap.com/Style/59Fifty-MLB-Authentic-Collection/20905603,"http://lf.lids.com/hwl?set=sku[20905603],c[2],w[400],h[300]&load=url[file:product]",34.99
20905597,St. Louis Cardinals MLB Authentic Collection 59FIFTY Cap,http://shop.neweracap.com/Style/59Fifty-MLB-Authentic-Collection/20905597,"http://lf.lids.com/hwl?set=sku[20905597],c[2],w[400],h[300]&load=url[file:product]",34.99
20905534,Arizona Diamondbacks MLB Authentic Collection 59FIFTY Cap,http://shop.neweracap.com/Style/59Fifty-MLB-Authentic-Collection/20905534,"http://lf.lids.com/hwl?set=sku[20905534],c[2],w[400],h[300]&load=url[file:product]",34.99
20905601,Texas Rangers MLB Authentic Collection 59FIFTY Cap,http://shop.neweracap.com/Style/59Fifty-MLB-Authentic-Collection/20905601,"http://lf.lids.com/hwl?set=sku[20905601],c[2],w[400],h[300]&load=url[file:product]",34.99
20905599,Tampa Bay Rays MLB Authentic Collection 59FIFTY Cap,http://shop.neweracap.com/Style/59Fifty-MLB-Authentic-Collection/20905599,"http://lf.lids.com/hwl?set=sku[20905599],c[2],w[400],h[300]&load=url[file:product]",34.99
20905592,San Francisco Giants MLB Authentic Collection 59FIFTY Cap,http://shop.neweracap.com/Style/59Fifty-MLB-Authentic-Collection/20905592,"http://lf.lids.com/hwl?set=sku[20905592],c[2],w[400],h[300]&load=url[file:product]",34.99
20905570,Milwaukee Brewers MLB Authentic Collection 59FIFTY Cap,http://shop.neweracap.com/Style/59Fifty-MLB-Authentic-Collection/20905570,"http://lf.lids.com/hwl?set=sku[20905570],c[2],w[400],h[300]&load=url[file:product]",34.99
20905565,Kansas City Royals MLB Authentic Collection 59FIFTY Cap,http://shop.neweracap.com/Style/59Fifty-MLB-Authentic-Collection/20905565,"http://lf.lids.com/hwl?set=sku[20905565],c[2],w[400],h[300]&load=url[file:product]",34.99
20905539,Atlanta Braves MLB Authentic Collection 59FIFTY Cap,http://shop.neweracap.com/Style/59Fifty-MLB-Authentic-Collection/20905539,"http://lf.lids.com/hwl?set=sku[20905539],c[2],w[400],h[300]&load=url[file:product]",34.99
20905533,Arizona Diamondbacks MLB Authentic Collection 59FIFTY Cap,http://shop.neweracap.com/Style/59Fifty-MLB-Authentic-Collection/20905533,"http://lf.lids.com/hwl?set=sku[20905533],c[2],w[400],h[300]&load=url[file:product]",34.99
20905555,Cleveland Indians MLB Authentic Collection 59FIFTY Cap,http://shop.neweracap.com/Style/59Fifty-MLB-Authentic-Collection/20905555,"http://lf.lids.com/hwl?set=sku[20905555],c[2],w[400],h[300]&load=url[file:product]",34.99
20905552,Cincinnati Reds MLB Authentic Collection 59FIFTY Cap,http://shop.neweracap.com/Style/59Fifty-MLB-Authentic-Collection/20905552,"http://lf.lids.com/hwl?set=sku[20905552],c[2],w[400],h[300]&load=url[file:product]",34.99
20905569,Miami Marlins MLB Authentic Collection 59FIFTY Cap,http://shop.neweracap.com/Style/59Fifty-MLB-Authentic-Collection/20905569,"http://lf.lids.com/hwl?set=sku[20905569],c[2],w[400],h[300]&load=url[file:product]",34.99
20905586,Pittsburgh Pirates MLB Authentic Collection 59FIFTY Cap,http://shop.neweracap.com/Style/59Fifty-MLB-Authentic-Collection/20905586,"http://lf.lids.com/hwl?set=sku[20905586],c[2],w[400],h[300]&load=url[file:product]",34.99
20905573,Minnesota Twins MLB Authentic Collection 59FIFTY Cap,http://shop.neweracap.com/Style/59Fifty-MLB-Authentic-Collection/20905573,"http://lf.lids.com/hwl?set=sku[20905573],c[2],w[400],h[300]&load=url[file:product]",34.99
20905564,Houston Astros MLB Authentic Collection 59FIFTY Cap,http://shop.neweracap.com/Style/59Fifty-MLB-Authentic-Collection/20905564,"http://lf.lids.com/hwl?set=sku[20905564],c[2],w[400],h[300]&load=url[file:product]",34.99
20905537,Arizona Diamondbacks MLB Authentic Collection 59FIFTY Cap,http://shop.neweracap.com/Style/59Fifty-MLB-Authentic-Collection/20905537,"http://lf.lids.com/hwl?set=sku[20905537],c[2],w[400],h[300]&load=url[file:product]",34.99
20905608,Washington Nationals MLB Authentic Collection 59FIFTY Cap,http://shop.neweracap.com/Style/59Fifty-MLB-Authentic-Collection/20905608,"http://lf.lids.com/hwl?set=sku[20905608],c[2],w[400],h[300]&load=url[file:product]",34.99
20905577,Minnesota Twins MLB Authentic Collection 59FIFTY Cap,http://shop.neweracap.com/Style/59Fifty-MLB-Authentic-Collection/20905577,"http://lf.lids.com/hwl?set=sku[20905577],c[2],w[400],h[300]&load=url[file:product]",34.99
20905580,New York Yankees MLB Authentic Collection 59FIFTY Cap,http://shop.neweracap.com/Style/59Fifty-MLB-Authentic-Collection/20905580,"http://lf.lids.com/hwl?set=sku[20905580],c[2],w[400],h[300]&load=url[file:product]",34.99
20905567,Los Angeles Dodgers MLB Authentic Collection 59FIFTY Cap,http://shop.neweracap.com/Style/59Fifty-MLB-Authentic-Collection/20905567,"http://lf.lids.com/hwl?set=sku[20905567],c[2],w[400],h[300]&load=url[file:product]",34.99
20905602,Toronto Blue Jays MLB Authentic Collection 59FIFTY Cap,http://shop.neweracap.com/Style/59Fifty-MLB-Authentic-Collection/20905602,"http://lf.lids.com/hwl?set=sku[20905602],c[2],w[400],h[300]&load=url[file:product]",34.99
20905545,Boston Red Sox MLB Authentic Collection 59FIFTY Cap,http://shop.neweracap.com/Style/59Fifty-MLB-Authentic-Collection/20905545,"http://lf.lids.com/hwl?set=sku[20905545],c[2],w[400],h[300]&load=url[file:product]",34.99
20905548,Chicago White Sox MLB Authentic Collection 59FIFTY Cap,http://shop.neweracap.com/Style/59Fifty-MLB-Authentic-Collection/20905548,"http://lf.lids.com/hwl?set=sku[20905548],c[2],w[400],h[300]&load=url[file:product]",34.99
20905591,San Francisco Giants MLB Authentic Collection 59FIFTY Cap,http://shop.neweracap.com/Style/59Fifty-MLB-Authentic-Collection/20905591,"http://lf.lids.com/hwl?set=sku[20905591],c[2],w[400],h[300]&load=url[file:product]",34.99
20905547,Chicago Cubs MLB Authentic Collection 59FIFTY Cap,http://shop.neweracap.com/Style/59Fifty-MLB-Authentic-Collection/20905547,"http://lf.lids.com/hwl?set=sku[20905547],c[2],w[400],h[300]&load=url[file:product]",34.99
20905588,San Diego Padres MLB Authentic Collection 59FIFTY Cap,http://shop.neweracap.com/Style/59Fifty-MLB-Authentic-Collection/20905588,"http://lf.lids.com/hwl?set=sku[20905588],c[2],w[400],h[300]&load=url[file:product]",34.99
20905589,San Diego Padres MLB Authentic Collection 59FIFTY Cap,http://shop.neweracap.com/Style/59Fifty-MLB-Authentic-Collection/20905589,"http://lf.lids.com/hwl?set=sku[20905589],c[2],w[400],h[300]&load=url[file:product]",34.99
20905610,Washington Nationals MLB Authentic Collection 59FIFTY Cap,http://shop.neweracap.com/Style/59Fifty-MLB-Authentic-Collection/20905610,"http://lf.lids.com/hwl?set=sku[20905610],c[2],w[400],h[300]&load=url[file:product]",34.99
20905609,Washington Nationals MLB Authentic Collection 59FIFTY Cap,http://shop.neweracap.com/Style/59Fifty-MLB-Authentic-Collection/20905609,"http://lf.lids.com/hwl?set=sku[20905609],c[2],w[400],h[300]&load=url[file:product]",34.99
20905535,Arizona Diamondbacks MLB Authentic Collection 59FIFTY Cap,http://shop.neweracap.com/Style/59Fifty-MLB-Authentic-Collection/20905535,"http://lf.lids.com/hwl?set=sku[20905535],c[2],w[400],h[300]&load=url[file:product]",34.99
20905566,Kansas City Royals MLB Authentic Collection 59FIFTY Cap,http://shop.neweracap.com/Style/59Fifty-MLB-Authentic-Collection/20905566,"http://lf.lids.com/hwl?set=sku[20905566],c[2],w[400],h[300]&load=url[file:product]",34.99
20905558,Colorado Rockies MLB Authentic Collection 59FIFTY Cap,http://shop.neweracap.com/Style/59Fifty-MLB-Authentic-Collection/20905558,"http://lf.lids.com/hwl?set=sku[20905558],c[2],w[400],h[300]&load=url[file:product]",34.99
20905559,Colorado Rockies MLB Authentic Collection 59FIFTY Cap,http://shop.neweracap.com/Style/59Fifty-MLB-Authentic-Collection/20905559,"http://lf.lids.com/hwl?set=sku[20905559],c[2],w[400],h[300]&load=url[file:product]",34.99
20905557,Colorado Rockies MLB Authentic Collection 59FIFTY Cap,http://shop.neweracap.com/Style/59Fifty-MLB-Authentic-Collection/20905557,"http://lf.lids.com/hwl?set=sku[20905557],c[2],w[400],h[300]&load=url[file:product]",34.99
20076663,New York Yankees MLB Authentic Collection 59FIFTY Cap,http://shop.neweracap.com/Style/59Fifty-MLB-Authentic-Collection/20076663,"http://lf.lids.com/hwl?set=sku[20076663],c[2],w[400],h[300]&load=url[file:product]",34.99
20829015,Milwaukee Brewers MLB Authentic Collection 59FIFTY Cap,http://shop.neweracap.com/Style/59Fifty-MLB-Authentic-Collection/20829015,"http://lf.lids.com/hwl?set=sku[20829015],c[2],w[400],h[300]&load=url[file:product]",34.99
20827442,Arizona Diamondbacks MLB Authentic Collection 59FIFTY Cap,http://shop.neweracap.com/Style/59Fifty-MLB-Authentic-Collection/20827442,"http://lf.lids.com/hwl?set=sku[20827442],c[2],w[400],h[300]&load=url[file:product]",34.99
20826350,San Diego Padres MLB Authentic Collection 59FIFTY Cap,http://shop.neweracap.com/Style/59Fifty-MLB-Authentic-Collection/20826350,"http://lf.lids.com/hwl?set=sku[20826350],c[2],w[400],h[300]&load=url[file:product]",34.99
20369497,Seattle Mariners MLB Authentic Collection 59FIFTY Cap,http://shop.neweracap.com/Style/59Fifty-MLB-Authentic-Collection/20369497,"http://lf.lids.com/hwl?set=sku[20369497],c[2],w[400],h[300]&load=url[file:product]",34.99
20076674,San Francisco Giants MLB Authentic Collection 59FIFTY Cap,http://shop.neweracap.com/Style/59Fifty-MLB-Authentic-Collection/20076674,"http://lf.lids.com/hwl?set=sku[20076674],c[2],w[400],h[300]&load=url[file:product]",34.99
20388081,Toronto Blue Jays MLB Authentic Collection 59FIFTY Cap,http://shop.neweracap.com/Style/59Fifty-MLB-Authentic-Collection/20388081,"http://lf.lids.com/hwl?set=sku[20388081],c[2],w[400],h[300]&load=url[file:product]",19.99
20076654,Los Angeles Dodgers MLB Authentic Collection 59FIFTY Cap,http://shop.neweracap.com/Style/59Fifty-MLB-Authentic-Collection/20076654,"http://lf.lids.com/hwl?set=sku[20076654],c[2],w[400],h[300]&load=url[file:product]",34.99
20829021,Minnesota Twins MLB Authentic Collection 59FIFTY Cap,http://shop.neweracap.com/Style/59Fifty-MLB-Authentic-Collection/20829021,"http://lf.lids.com/hwl?set=sku[20829021],c[2],w[400],h[300]&load=url[file:product]",34.99
20829006,Pittsburgh Pirates MLB Authentic Collection 59FIFTY Cap,http://shop.neweracap.com/Style/59Fifty-MLB-Authentic-Collection/20829006,"http://lf.lids.com/hwl?set=sku[20829006],c[2],w[400],h[300]&load=url[file:product]",34.99
20465014,Houston Astros MLB Authentic Collection 59FIFTY Cap,http://shop.neweracap.com/Style/59Fifty-MLB-Authentic-Collection/20465014,"http://lf.lids.com/hwl?set=sku[20465014],c[2],w[400],h[300]&load=url[file:product]",34.99
20249794,San Francisco Giants MLB Authentic Collection 59FIFTY Cap,http://shop.neweracap.com/Style/59Fifty-MLB-Authentic-Collection/20249794,"http://lf.lids.com/hwl?set=sku[20249794],c[2],w[400],h[300]&load=url[file:product]",19.99
20249785,Los Angeles Dodgers MLB Authentic Collection 59FIFTY Cap,http://shop.neweracap.com/Style/59Fifty-MLB-Authentic-Collection/20249785,"http://lf.lids.com/hwl?set=sku[20249785],c[2],w[400],h[300]&load=url[file:product]",19.99
20076675,Seattle Mariners MLB Authentic Collection 59FIFTY Cap,http://shop.neweracap.com/Style/59Fifty-MLB-Authentic-Collection/20076675,"http://lf.lids.com/hwl?set=sku[20076675],c[2],w[400],h[300]&load=url[file:product]",34.99
20076657,Minnesota Twins MLB Authentic Collection 59FIFTY Cap,http://shop.neweracap.com/Style/59Fifty-MLB-Authentic-Collection/20076657,"http://lf.lids.com/hwl?set=sku[20076657],c[2],w[400],h[300]&load=url[file:product]",34.99
20076648,Detroit Tigers MLB Authentic Collection 59FIFTY Cap,http://shop.neweracap.com/Style/59Fifty-MLB-Authentic-Collection/20076648,"http://lf.lids.com/hwl?set=sku[20076648],c[2],w[400],h[300]&load=url[file:product]",34.99
20055150,San Francisco Giants MLB Authentic Collection 59FIFTY Cap,http://shop.neweracap.com/Style/59Fifty-MLB-Authentic-Collection/20055150,"http://lf.lids.com/hwl?set=sku[20055150],c[2],w[400],h[300]&load=url[file:product]",25.99
20751718,Seattle Mariners MLB Authentic Collection 59FIFTY Cap,http://shop.neweracap.com/Style/59Fifty-MLB-Authentic-Collection/20751718,"http://lf.lids.com/hwl?set=sku[20751718],c[2],w[400],h[300]&load=url[file:product]",34.99
20383497,Seattle Mariners MLB Authentic Collection 59FIFTY Cap,http://shop.neweracap.com/Style/59Fifty-MLB-Authentic-Collection/20383497,"http://lf.lids.com/hwl?set=sku[20383497],c[2],w[400],h[300]&load=url[file:product]",25.99
20368721,Toronto Blue Jays MLB Authentic Collection 59FIFTY Cap,http://shop.neweracap.com/Style/59Fifty-MLB-Authentic-Collection/20368721,"http://lf.lids.com/hwl?set=sku[20368721],c[2],w[400],h[300]&load=url[file:product]",34.99
20368707,Baltimore Orioles MLB Authentic Collection 59FIFTY Cap,http://shop.neweracap.com/Style/59Fifty-MLB-Authentic-Collection/20368707,"http://lf.lids.com/hwl?set=sku[20368707],c[2],w[400],h[300]&load=url[file:product]",34.99
20147763,San Francisco Giants MLB Authentic Collection 59FIFTY Cap,http://shop.neweracap.com/Style/59Fifty-MLB-Authentic-Collection/20147763,"http://lf.lids.com/hwl?set=sku[20147763],c[2],w[400],h[300]&load=url[file:product]",34.99
20125493,Boston Red Sox MLB Authentic Collection 59FIFTY Cap,http://shop.neweracap.com/Style/59Fifty-MLB-Authentic-Collection/20125493,"http://lf.lids.com/hwl?set=sku[20125493],c[2],w[400],h[300]&load=url[file:product]",34.99
20112479,Atlanta Braves MLB Authentic Collection 59FIFTY Cap,http://shop.neweracap.com/Style/59Fifty-MLB-Authentic-Collection/20112479,"http://lf.lids.com/hwl?set=sku[20112479],c[2],w[400],h[300]&load=url[file:product]",34.99
20076678,St. Louis Cardinals MLB Authentic Collection 59FIFTY Cap,http://shop.neweracap.com/Style/59Fifty-MLB-Authentic-Collection/20076678,"http://lf.lids.com/hwl?set=sku[20076678],c[2],w[400],h[300]&load=url[file:product]",34.99
20076656,Milwaukee Brewers MLB Authentic Collection 59FIFTY Cap,http://shop.neweracap.com/Style/59Fifty-MLB-Authentic-Collection/20076656,"http://lf.lids.com/hwl?set=sku[20076656],c[2],w[400],h[300]&load=url[file:product]",34.99
20076655,Milwaukee Brewers MLB Authentic Collection 59FIFTY Cap,http://shop.neweracap.com/Style/59Fifty-MLB-Authentic-Collection/20076655,"http://lf.lids.com/hwl?set=sku[20076655],c[2],w[400],h[300]&load=url[file:product]",34.99
20076647,Detroit Tigers MLB Authentic Collection 59FIFTY Cap,http://shop.neweracap.com/Style/59Fifty-MLB-Authentic-Collection/20076647,"http://lf.lids.com/hwl?set=sku[20076647],c[2],w[400],h[300]&load=url[file:product]",34.99
20076639,Cincinnati Reds MLB Authentic Collection 59FIFTY Cap,http://shop.neweracap.com/Style/59Fifty-MLB-Authentic-Collection/20076639,"http://lf.lids.com/hwl?set=sku[20076639],c[2],w[400],h[300]&load=url[file:product]",34.99
20055148,Pittsburgh Pirates MLB Authentic Collection 59FIFTY Cap,http://shop.neweracap.com/Style/59Fifty-MLB-Authentic-Collection/20055148,"http://lf.lids.com/hwl?set=sku[20055148],c[2],w[400],h[300]&load=url[file:product]",25.99
20055145,New York Yankees MLB Authentic Collection 59FIFTY Cap,http://shop.neweracap.com/Style/59Fifty-MLB-Authentic-Collection/20055145,"http://lf.lids.com/hwl?set=sku[20055145],c[2],w[400],h[300]&load=url[file:product]",25.99
20829026,Houston Astros MLB Authentic Collection 59FIFTY Cap,http://shop.neweracap.com/Style/59Fifty-MLB-Authentic-Collection/20829026,"http://lf.lids.com/hwl?set=sku[20829026],c[2],w[400],h[300]&load=url[file:product]",34.99
20500608,Chicago White Sox MLB Authentic Collection 59FIFTY Cap,http://shop.neweracap.com/Style/59Fifty-MLB-Authentic-Collection/20500608,"http://lf.lids.com/hwl?set=sku[20500608],c[2],w[400],h[300]&load=url[file:product]",34.99
20496763,Toronto Blue Jays MLB Authentic Collection 59FIFTY Cap,http://shop.neweracap.com/Style/59Fifty-MLB-Authentic-Collection/20496763,"http://lf.lids.com/hwl?set=sku[20496763],c[2],w[400],h[300]&load=url[file:product]",34.99
20465013,Houston Astros MLB Authentic Collection 59FIFTY Cap,http://shop.neweracap.com/Style/59Fifty-MLB-Authentic-Collection/20465013,"http://lf.lids.com/hwl?set=sku[20465013],c[2],w[400],h[300]&load=url[file:product]",34.99
20383499,Toronto Blue Jays MLB Authentic Collection 59FIFTY Cap,http://shop.neweracap.com/Style/59Fifty-MLB-Authentic-Collection/20383499,"http://lf.lids.com/hwl?set=sku[20383499],c[2],w[400],h[300]&load=url[file:product]",25.99
20383491,Baltimore Orioles MLB Authentic Collection 59FIFTY Cap,http://shop.neweracap.com/Style/59Fifty-MLB-Authentic-Collection/20383491,"http://lf.lids.com/hwl?set=sku[20383491],c[2],w[400],h[300]&load=url[file:product]",25.99
20367174,Miami Marlins MLB Authentic Collection 59FIFTY Cap,http://shop.neweracap.com/Style/59Fifty-MLB-Authentic-Collection/20367174,"http://lf.lids.com/hwl?set=sku[20367174],c[2],w[400],h[300]&load=url[file:product]",34.99
20249798,Texas Rangers MLB Authentic Collection 59FIFTY Cap,http://shop.neweracap.com/Style/59Fifty-MLB-Authentic-Collection/20249798,"http://lf.lids.com/hwl?set=sku[20249798],c[2],w[400],h[300]&load=url[file:product]",19.99
20249790,Oakland Athletics MLB Authentic Collection 59FIFTY Cap,http://shop.neweracap.com/Style/59Fifty-MLB-Authentic-Collection/20249790,"http://lf.lids.com/hwl?set=sku[20249790],c[2],w[400],h[300]&load=url[file:product]",19.99
20249788,New York Mets MLB Authentic Collection 59FIFTY Cap,http://shop.neweracap.com/Style/59Fifty-MLB-Authentic-Collection/20249788,"http://lf.lids.com/hwl?set=sku[20249788],c[2],w[400],h[300]&load=url[file:product]",19.99
20249786,Milwaukee Brewers MLB Authentic Collection 59FIFTY Cap,http://shop.neweracap.com/Style/59Fifty-MLB-Authentic-Collection/20249786,"http://lf.lids.com/hwl?set=sku[20249786],c[2],w[400],h[300]&load=url[file:product]",19.99
20249783,Kansas City Royals MLB Authentic Collection 59FIFTY Cap,http://shop.neweracap.com/Style/59Fifty-MLB-Authentic-Collection/20249783,"http://lf.lids.com/hwl?set=sku[20249783],c[2],w[400],h[300]&load=url[file:product]",19.99
20249780,Detroit Tigers MLB Authentic Collection 59FIFTY Cap,http://shop.neweracap.com/Style/59Fifty-MLB-Authentic-Collection/20249780,"http://lf.lids.com/hwl?set=sku[20249780],c[2],w[400],h[300]&load=url[file:product]",19.99
20249776,Chicago White Sox MLB Authentic Collection 59FIFTY Cap,http://shop.neweracap.com/Style/59Fifty-MLB-Authentic-Collection/20249776,"http://lf.lids.com/hwl?set=sku[20249776],c[2],w[400],h[300]&load=url[file:product]",19.99
20236052,Washington Nationals MLB Authentic Collection 59FIFTY Cap,http://shop.neweracap.com/Style/59Fifty-MLB-Authentic-Collection/20236052,"http://lf.lids.com/hwl?set=sku[20236052],c[2],w[400],h[300]&load=url[file:product]",34.99
20162179,San Francisco Giants MLB Authentic Collection 59FIFTY Cap,http://shop.neweracap.com/Style/59Fifty-MLB-Authentic-Collection/20162179,"http://lf.lids.com/hwl?set=sku[20162179],c[2],w[400],h[300]&load=url[file:product]",25.99
20130510,Boston Red Sox MLB Authentic Collection 59FIFTY Cap,http://shop.neweracap.com/Style/59Fifty-MLB-Authentic-Collection/20130510,"http://lf.lids.com/hwl?set=sku[20130510],c[2],w[400],h[300]&load=url[file:product]",25.99
20126916,Pittsburgh Pirates MLB Authentic Collection 59FIFTY Cap,http://shop.neweracap.com/Style/59Fifty-MLB-Authentic-Collection/20126916,"http://lf.lids.com/hwl?set=sku[20126916],c[2],w[400],h[300]&load=url[file:product]",34.99
20078699,Baltimore Orioles MLB Authentic Collection 59FIFTY Cap,http://shop.neweracap.com/Style/59Fifty-MLB-Authentic-Collection/20078699,"http://lf.lids.com/hwl?set=sku[20078699],c[2],w[400],h[300]&load=url[file:product]",25.99
20076687,Washington Nationals MLB Authentic Collection 59FIFTY Cap,http://shop.neweracap.com/Style/59Fifty-MLB-Authentic-Collection/20076687,"http://lf.lids.com/hwl?set=sku[20076687],c[2],w[400],h[300]&load=url[file:product]",34.99
20076682,Texas Rangers MLB Authentic Collection 59FIFTY Cap,http://shop.neweracap.com/Style/59Fifty-MLB-Authentic-Collection/20076682,"http://lf.lids.com/hwl?set=sku[20076682],c[2],w[400],h[300]&load=url[file:product]",34.99
20076677,St. Louis Cardinals MLB Authentic Collection 59FIFTY Cap,http://shop.neweracap.com/Style/59Fifty-MLB-Authentic-Collection/20076677,"http://lf.lids.com/hwl?set=sku[20076677],c[2],w[400],h[300]&load=url[file:product]",34.99
20076667,Philadelphia Phillies MLB Authentic Collection 59FIFTY Cap,http://shop.neweracap.com/Style/59Fifty-MLB-Authentic-Collection/20076667,"http://lf.lids.com/hwl?set=sku[20076667],c[2],w[400],h[300]&load=url[file:product]",34.99
20076664,Oakland Athletics MLB Authentic Collection 59FIFTY Cap,http://shop.neweracap.com/Style/59Fifty-MLB-Authentic-Collection/20076664,"http://lf.lids.com/hwl?set=sku[20076664],c[2],w[400],h[300]&load=url[file:product]",34.99
20076660,New York Mets MLB Authentic Collection 59FIFTY Cap,http://shop.neweracap.com/Style/59Fifty-MLB-Authentic-Collection/20076660,"http://lf.lids.com/hwl?set=sku[20076660],c[2],w[400],h[300]&load=url[file:product]",34.99
20076653,Los Angeles Angels MLB Authentic Collection 59FIFTY Cap,http://shop.neweracap.com/Style/59Fifty-MLB-Authentic-Collection/20076653,"http://lf.lids.com/hwl?set=sku[20076653],c[2],w[400],h[300]&load=url[file:product]",34.99
20076652,Kansas City Royals MLB Authentic Collection 59FIFTY Cap,http://shop.neweracap.com/Style/59Fifty-MLB-Authentic-Collection/20076652,"http://lf.lids.com/hwl?set=sku[20076652],c[2],w[400],h[300]&load=url[file:product]",34.99
20076636,Chicago White Sox MLB Authentic Collection 59FIFTY Cap,http://shop.neweracap.com/Style/59Fifty-MLB-Authentic-Collection/20076636,"http://lf.lids.com/hwl?set=sku[20076636],c[2],w[400],h[300]&load=url[file:product]",34.99
20076633,Boston Red Sox MLB Authentic Collection 59FIFTY Cap,http://shop.neweracap.com/Style/59Fifty-MLB-Authentic-Collection/20076633,"http://lf.lids.com/hwl?set=sku[20076633],c[2],w[400],h[300]&load=url[file:product]",34.99
20076602,Atlanta Braves MLB Authentic Collection 59FIFTY Cap,http://shop.neweracap.com/Style/59Fifty-MLB-Authentic-Collection/20076602,"http://lf.lids.com/hwl?set=sku[20076602],c[2],w[400],h[300]&load=url[file:product]",34.99
20076601,Atlanta Braves MLB Authentic Collection 59FIFTY Cap,http://shop.neweracap.com/Style/59Fifty-MLB-Authentic-Collection/20076601,"http://lf.lids.com/hwl?set=sku[20076601],c[2],w[400],h[300]&load=url[file:product]",34.99
20055151,St. Louis Cardinals MLB Authentic Collection 59FIFTY Cap,http://shop.neweracap.com/Style/59Fifty-MLB-Authentic-Collection/20055151,"http://lf.lids.com/hwl?set=sku[20055151],c[2],w[400],h[300]&load=url[file:product]",25.99
20055146,Oakland Athletics MLB Authentic Collection 59FIFTY Cap,http://shop.neweracap.com/Style/59Fifty-MLB-Authentic-Collection/20055146,"http://lf.lids.com/hwl?set=sku[20055146],c[2],w[400],h[300]&load=url[file:product]",25.99
20055141,Los Angeles Dodgers MLB Authentic Collection 59FIFTY Cap,http://shop.neweracap.com/Style/59Fifty-MLB-Authentic-Collection/20055141,"http://lf.lids.com/hwl?set=sku[20055141],c[2],w[400],h[300]&load=url[file:product]",25.99
20055140,Los Angeles Angels MLB Authentic Collection 59FIFTY Cap,http://shop.neweracap.com/Style/59Fifty-MLB-Authentic-Collection/20055140,"http://lf.lids.com/hwl?set=sku[20055140],c[2],w[400],h[300]&load=url[file:product]",25.99
20836206,Milwaukee Brewers MLB Authentic Collection 59FIFTY Cap,http://shop.neweracap.com/Style/59Fifty-MLB-Authentic-Collection/20836206,"http://lf.lids.com/hwl?set=sku[20836206],c[2],w[400],h[300]&load=url[file:product]",19.99
20830473,Pittsburgh Pirates MLB Authentic Collection 59FIFTY Cap,http://shop.neweracap.com/Style/59Fifty-MLB-Authentic-Collection/20830473,"http://lf.lids.com/hwl?set=sku[20830473],c[2],w[400],h[300]&load=url[file:product]",25.99
20830472,New York Mets MLB Authentic Collection 59FIFTY Cap,http://shop.neweracap.com/Style/59Fifty-MLB-Authentic-Collection/20830472,"http://lf.lids.com/hwl?set=sku[20830472],c[2],w[400],h[300]&load=url[file:product]",25.99
20830471,Arizona Diamondbacks MLB Authentic Collection 59FIFTY Cap,http://shop.neweracap.com/Style/59Fifty-MLB-Authentic-Collection/20830471,"http://lf.lids.com/hwl?set=sku[20830471],c[2],w[400],h[300]&load=url[file:product]",25.99
20830470,Arizona Diamondbacks MLB Authentic Collection 59FIFTY Cap,http://shop.neweracap.com/Style/59Fifty-MLB-Authentic-Collection/20830470,"http://lf.lids.com/hwl?set=sku[20830470],c[2],w[400],h[300]&load=url[file:product]",25.99
20830469,Arizona Diamondbacks MLB Authentic Collection 59FIFTY Cap,http://shop.neweracap.com/Style/59Fifty-MLB-Authentic-Collection/20830469,"http://lf.lids.com/hwl?set=sku[20830469],c[2],w[400],h[300]&load=url[file:product]",25.99
20830468,Houston Astros MLB Authentic Collection 59FIFTY Cap,http://shop.neweracap.com/Style/59Fifty-MLB-Authentic-Collection/20830468,"http://lf.lids.com/hwl?set=sku[20830468],c[2],w[400],h[300]&load=url[file:product]",25.99
20830467,Milwaukee Brewers MLB Authentic Collection 59FIFTY Cap,http://shop.neweracap.com/Style/59Fifty-MLB-Authentic-Collection/20830467,"http://lf.lids.com/hwl?set=sku[20830467],c[2],w[400],h[300]&load=url[file:product]",25.99
20830466,Minnesota Twins MLB Authentic Collection 59FIFTY Cap,http://shop.neweracap.com/Style/59Fifty-MLB-Authentic-Collection/20830466,"http://lf.lids.com/hwl?set=sku[20830466],c[2],w[400],h[300]&load=url[file:product]",25.99
20830465,San Diego Padres MLB Authentic Collection 59FIFTY Cap,http://shop.neweracap.com/Style/59Fifty-MLB-Authentic-Collection/20830465,"http://lf.lids.com/hwl?set=sku[20830465],c[2],w[400],h[300]&load=url[file:product]",25.99
20827443,Arizona Diamondbacks MLB Authentic Collection 59FIFTY Cap,http://shop.neweracap.com/Style/59Fifty-MLB-Authentic-Collection/20827443,"http://lf.lids.com/hwl?set=sku[20827443],c[2],w[400],h[300]&load=url[file:product]",34.99
20827441,Arizona Diamondbacks MLB Authentic Collection 59FIFTY Cap,http://shop.neweracap.com/Style/59Fifty-MLB-Authentic-Collection/20827441,"http://lf.lids.com/hwl?set=sku[20827441],c[2],w[400],h[300]&load=url[file:product]",34.99
20750663,Minnesota Twins MLB Authentic Collection 59FIFTY Cap,http://shop.neweracap.com/Style/59Fifty-MLB-Authentic-Collection/20750663,"http://lf.lids.com/hwl?set=sku[20750663],c[2],w[400],h[300]&load=url[file:product]",25.99
20712804,Minnesota Twins MLB Authentic Collection 59FIFTY Cap,http://shop.neweracap.com/Style/59Fifty-MLB-Authentic-Collection/20712804,"http://lf.lids.com/hwl?set=sku[20712804],c[2],w[400],h[300]&load=url[file:product]",34.99
20587955,Oakland Athletics MLB Authentic Collection 59FIFTY Cap,http://shop.neweracap.com/Style/59Fifty-MLB-Authentic-Collection/20587955,"http://lf.lids.com/hwl?set=sku[20587955],c[2],w[400],h[300]&load=url[file:product]",25.99
20586284,Oakland Athletics MLB Authentic Collection 59FIFTY Cap,http://shop.neweracap.com/Style/59Fifty-MLB-Authentic-Collection/20586284,"http://lf.lids.com/hwl?set=sku[20586284],c[2],w[400],h[300]&load=url[file:product]",34.99
20521669,Washington Nationals MLB Authentic Collection 59FIFTY Cap,http://shop.neweracap.com/Style/59Fifty-MLB-Authentic-Collection/20521669,"http://lf.lids.com/hwl?set=sku[20521669],c[2],w[400],h[300]&load=url[file:product]",25.99
20518347,Washington Nationals MLB Authentic Collection 59FIFTY Cap,http://shop.neweracap.com/Style/59Fifty-MLB-Authentic-Collection/20518347,"http://lf.lids.com/hwl?set=sku[20518347],c[2],w[400],h[300]&load=url[file:product]",34.99
20512565,Houston Astros MLB Authentic Collection 59FIFTY Cap,http://shop.neweracap.com/Style/59Fifty-MLB-Authentic-Collection/20512565,"http://lf.lids.com/hwl?set=sku[20512565],c[2],w[400],h[300]&load=url[file:product]",19.99
20495001,Houston Astros MLB Authentic Collection 59FIFTY Cap,http://shop.neweracap.com/Style/59Fifty-MLB-Authentic-Collection/20495001,"http://lf.lids.com/hwl?set=sku[20495001],c[2],w[400],h[300]&load=url[file:product]",25.99
20495000,Houston Astros MLB Authentic Collection 59FIFTY Cap,http://shop.neweracap.com/Style/59Fifty-MLB-Authentic-Collection/20495000,"http://lf.lids.com/hwl?set=sku[20495000],c[2],w[400],h[300]&load=url[file:product]",25.99
20406424,Baltimore Orioles MLB Authentic Collection 59FIFTY Cap,http://shop.neweracap.com/Style/59Fifty-MLB-Authentic-Collection/20406424,"http://lf.lids.com/hwl?set=sku[20406424],c[2],w[400],h[300]&load=url[file:product]",19.99
20388080,Miami Marlins MLB Authentic Collection 59FIFTY Cap,http://shop.neweracap.com/Style/59Fifty-MLB-Authentic-Collection/20388080,"http://lf.lids.com/hwl?set=sku[20388080],c[2],w[400],h[300]&load=url[file:product]",19.99
20383495,Miami Marlins MLB Authentic Collection 59FIFTY Cap,http://shop.neweracap.com/Style/59Fifty-MLB-Authentic-Collection/20383495,"http://lf.lids.com/hwl?set=sku[20383495],c[2],w[400],h[300]&load=url[file:product]",25.99
20383493,Miami Marlins MLB Authentic Collection 59FIFTY Cap,http://shop.neweracap.com/Style/59Fifty-MLB-Authentic-Collection/20383493,"http://lf.lids.com/hwl?set=sku[20383493],c[2],w[400],h[300]&load=url[file:product]",25.99
20383489,Baltimore Orioles MLB Authentic Collection 59FIFTY Cap,http://shop.neweracap.com/Style/59Fifty-MLB-Authentic-Collection/20383489,"http://lf.lids.com/hwl?set=sku[20383489],c[2],w[400],h[300]&load=url[file:product]",25.99
20368703,Baltimore Orioles MLB Authentic Collection 59FIFTY Cap,http://shop.neweracap.com/Style/59Fifty-MLB-Authentic-Collection/20368703,"http://lf.lids.com/hwl?set=sku[20368703],c[2],w[400],h[300]&load=url[file:product]",34.99
20367175,Miami Marlins MLB Authentic Collection 59FIFTY Cap,http://shop.neweracap.com/Style/59Fifty-MLB-Authentic-Collection/20367175,"http://lf.lids.com/hwl?set=sku[20367175],c[2],w[400],h[300]&load=url[file:product]",34.99
20249800,Washington Nationals MLB Authentic Collection 59FIFTY Cap,http://shop.neweracap.com/Style/59Fifty-MLB-Authentic-Collection/20249800,"http://lf.lids.com/hwl?set=sku[20249800],c[2],w[400],h[300]&load=url[file:product]",19.99
20249797,Tampa Bay Rays MLB Authentic Collection 59FIFTY Cap,http://shop.neweracap.com/Style/59Fifty-MLB-Authentic-Collection/20249797,"http://lf.lids.com/hwl?set=sku[20249797],c[2],w[400],h[300]&load=url[file:product]",19.99
20249796,St. Louis Cardinals MLB Authentic Collection 59FIFTY Cap,http://shop.neweracap.com/Style/59Fifty-MLB-Authentic-Collection/20249796,"http://lf.lids.com/hwl?set=sku[20249796],c[2],w[400],h[300]&load=url[file:product]",19.99
20249795,Seattle Mariners MLB Authentic Collection 59FIFTY Cap,http://shop.neweracap.com/Style/59Fifty-MLB-Authentic-Collection/20249795,"http://lf.lids.com/hwl?set=sku[20249795],c[2],w[400],h[300]&load=url[file:product]",19.99
20249792,Pittsburgh Pirates MLB Authentic Collection 59FIFTY Cap,http://shop.neweracap.com/Style/59Fifty-MLB-Authentic-Collection/20249792,"http://lf.lids.com/hwl?set=sku[20249792],c[2],w[400],h[300]&load=url[file:product]",19.99
20249791,Philadelphia Phillies MLB Authentic Collection 59FIFTY Cap,http://shop.neweracap.com/Style/59Fifty-MLB-Authentic-Collection/20249791,"http://lf.lids.com/hwl?set=sku[20249791],c[2],w[400],h[300]&load=url[file:product]",19.99
20249789,New York Yankees MLB Authentic Collection 59FIFTY Cap,http://shop.neweracap.com/Style/59Fifty-MLB-Authentic-Collection/20249789,"http://lf.lids.com/hwl?set=sku[20249789],c[2],w[400],h[300]&load=url[file:product]",19.99
20249787,Minnesota Twins MLB Authentic Collection 59FIFTY Cap,http://shop.neweracap.com/Style/59Fifty-MLB-Authentic-Collection/20249787,"http://lf.lids.com/hwl?set=sku[20249787],c[2],w[400],h[300]&load=url[file:product]",19.99
20249784,Los Angeles Angels MLB Authentic Collection 59FIFTY Cap,http://shop.neweracap.com/Style/59Fifty-MLB-Authentic-Collection/20249784,"http://lf.lids.com/hwl?set=sku[20249784],c[2],w[400],h[300]&load=url[file:product]",19.99
20249778,Cleveland Indians MLB Authentic Collection 59FIFTY Cap,http://shop.neweracap.com/Style/59Fifty-MLB-Authentic-Collection/20249778,"http://lf.lids.com/hwl?set=sku[20249778],c[2],w[400],h[300]&load=url[file:product]",19.99
20249777,Cincinnati Reds MLB Authentic Collection 59FIFTY Cap,http://shop.neweracap.com/Style/59Fifty-MLB-Authentic-Collection/20249777,"http://lf.lids.com/hwl?set=sku[20249777],c[2],w[400],h[300]&load=url[file:product]",19.99
20249775,Chicago Cubs MLB Authentic Collection 59FIFTY Cap,http://shop.neweracap.com/Style/59Fifty-MLB-Authentic-Collection/20249775,"http://lf.lids.com/hwl?set=sku[20249775],c[2],w[400],h[300]&load=url[file:product]",19.99
20249774,Boston Red Sox MLB Authentic Collection 59FIFTY Cap,http://shop.neweracap.com/Style/59Fifty-MLB-Authentic-Collection/20249774,"http://lf.lids.com/hwl?set=sku[20249774],c[2],w[400],h[300]&load=url[file:product]",19.99
20249772,Atlanta Braves MLB Authentic Collection 59FIFTY Cap,http://shop.neweracap.com/Style/59Fifty-MLB-Authentic-Collection/20249772,"http://lf.lids.com/hwl?set=sku[20249772],c[2],w[400],h[300]&load=url[file:product]",19.99
20249771,Arizona Diamondbacks MLB Authentic Collection 59FIFTY Cap,http://shop.neweracap.com/Style/59Fifty-MLB-Authentic-Collection/20249771,"http://lf.lids.com/hwl?set=sku[20249771],c[2],w[400],h[300]&load=url[file:product]",19.99
20247693,Cleveland Indians MLB Authentic Collection 59FIFTY Cap,http://shop.neweracap.com/Style/59Fifty-MLB-Authentic-Collection/20247693,"http://lf.lids.com/hwl?set=sku[20247693],c[2],w[400],h[300]&load=url[file:product]",25.99
20233108,Cleveland Indians MLB Authentic Collection 59FIFTY Cap,http://shop.neweracap.com/Style/59Fifty-MLB-Authentic-Collection/20233108,"http://lf.lids.com/hwl?set=sku[20233108],c[2],w[400],h[300]&load=url[file:product]",34.99
20162323,Minnesota Twins MLB Authentic Collection 59FIFTY Cap,http://shop.neweracap.com/Style/59Fifty-MLB-Authentic-Collection/20162323,"http://lf.lids.com/hwl?set=sku[20162323],c[2],w[400],h[300]&load=url[file:product]",34.99
20162182,Minnesota Twins MLB Authentic Collection 59FIFTY Cap,http://shop.neweracap.com/Style/59Fifty-MLB-Authentic-Collection/20162182,"http://lf.lids.com/hwl?set=sku[20162182],c[2],w[400],h[300]&load=url[file:product]",25.99
20130512,Texas Rangers MLB Authentic Collection 59FIFTY Cap,http://shop.neweracap.com/Style/59Fifty-MLB-Authentic-Collection/20130512,"http://lf.lids.com/hwl?set=sku[20130512],c[2],w[400],h[300]&load=url[file:product]",25.99
20126915,Texas Rangers MLB Authentic Collection 59FIFTY Cap,http://shop.neweracap.com/Style/59Fifty-MLB-Authentic-Collection/20126915,"http://lf.lids.com/hwl?set=sku[20126915],c[2],w[400],h[300]&load=url[file:product]",34.99
20116714,Atlanta Braves MLB Authentic Collection 59FIFTY Cap,http://shop.neweracap.com/Style/59Fifty-MLB-Authentic-Collection/20116714,"http://lf.lids.com/hwl?set=sku[20116714],c[2],w[400],h[300]&load=url[file:product]",25.99
20110600,Tampa Bay Rays MLB Authentic Collection 59FIFTY Cap,http://shop.neweracap.com/Style/59Fifty-MLB-Authentic-Collection/20110600,"http://lf.lids.com/hwl?set=sku[20110600],c[2],w[400],h[300]&load=url[file:product]",25.99
20110599,Philadelphia Phillies MLB Authentic Collection 59FIFTY Cap,http://shop.neweracap.com/Style/59Fifty-MLB-Authentic-Collection/20110599,"http://lf.lids.com/hwl?set=sku[20110599],c[2],w[400],h[300]&load=url[file:product]",25.99
20110596,Cleveland Indians MLB Authentic Collection 59FIFTY Cap,http://shop.neweracap.com/Style/59Fifty-MLB-Authentic-Collection/20110596,"http://lf.lids.com/hwl?set=sku[20110596],c[2],w[400],h[300]&load=url[file:product]",25.99
20110593,Cleveland Indians MLB Authentic Collection 59FIFTY Cap,http://shop.neweracap.com/Style/59Fifty-MLB-Authentic-Collection/20110593,"http://lf.lids.com/hwl?set=sku[20110593],c[2],w[400],h[300]&load=url[file:product]",25.99
20110064,Cleveland Indians MLB Authentic Collection 59FIFTY Cap,http://shop.neweracap.com/Style/59Fifty-MLB-Authentic-Collection/20110064,"http://lf.lids.com/hwl?set=sku[20110064],c[2],w[400],h[300]&load=url[file:product]",34.99
20110063,Cleveland Indians MLB Authentic Collection 59FIFTY Cap,http://shop.neweracap.com/Style/59Fifty-MLB-Authentic-Collection/20110063,"http://lf.lids.com/hwl?set=sku[20110063],c[2],w[400],h[300]&load=url[file:product]",34.99
20109502,Cleveland Indians MLB Authentic Collection 59FIFTY Cap,http://shop.neweracap.com/Style/59Fifty-MLB-Authentic-Collection/20109502,"http://lf.lids.com/hwl?set=sku[20109502],c[2],w[400],h[300]&load=url[file:product]",34.99
20109023,Philadelphia Phillies MLB Authentic Collection 59FIFTY Cap,http://shop.neweracap.com/Style/59Fifty-MLB-Authentic-Collection/20109023,"http://lf.lids.com/hwl?set=sku[20109023],c[2],w[400],h[300]&load=url[file:product]",34.99
20108410,Tampa Bay Rays MLB Authentic Collection 59FIFTY Cap,http://shop.neweracap.com/Style/59Fifty-MLB-Authentic-Collection/20108410,"http://lf.lids.com/hwl?set=sku[20108410],c[2],w[400],h[300]&load=url[file:product]",34.99
20089183,Seattle Mariners MLB Authentic Collection 59FIFTY Cap,http://shop.neweracap.com/Style/59Fifty-MLB-Authentic-Collection/20089183,"http://lf.lids.com/hwl?set=sku[20089183],c[2],w[400],h[300]&load=url[file:product]",25.99
20078213,St. Louis Cardinals MLB Authentic Collection 59FIFTY Cap,http://shop.neweracap.com/Style/59Fifty-MLB-Authentic-Collection/20078213,"http://lf.lids.com/hwl?set=sku[20078213],c[2],w[400],h[300]&load=url[file:product]",25.99
20078212,St. Louis Cardinals MLB Authentic Collection 59FIFTY Cap,http://shop.neweracap.com/Style/59Fifty-MLB-Authentic-Collection/20078212,"http://lf.lids.com/hwl?set=sku[20078212],c[2],w[400],h[300]&load=url[file:product]",25.99
20078200,Detroit Tigers MLB Authentic Collection 59FIFTY Cap,http://shop.neweracap.com/Style/59Fifty-MLB-Authentic-Collection/20078200,"http://lf.lids.com/hwl?set=sku[20078200],c[2],w[400],h[300]&load=url[file:product]",25.99
20078194,Cincinnati Reds MLB Authentic Collection 59FIFTY Cap,http://shop.neweracap.com/Style/59Fifty-MLB-Authentic-Collection/20078194,"http://lf.lids.com/hwl?set=sku[20078194],c[2],w[400],h[300]&load=url[file:product]",25.99
20078193,Cincinnati Reds MLB Authentic Collection 59FIFTY Cap,http://shop.neweracap.com/Style/59Fifty-MLB-Authentic-Collection/20078193,"http://lf.lids.com/hwl?set=sku[20078193],c[2],w[400],h[300]&load=url[file:product]",25.99
20078190,Atlanta Braves MLB Authentic Collection 59FIFTY Cap,http://shop.neweracap.com/Style/59Fifty-MLB-Authentic-Collection/20078190,"http://lf.lids.com/hwl?set=sku[20078190],c[2],w[400],h[300]&load=url[file:product]",25.99
20078188,Arizona Diamondbacks MLB Authentic Collection 59FIFTY Cap,http://shop.neweracap.com/Style/59Fifty-MLB-Authentic-Collection/20078188,"http://lf.lids.com/hwl?set=sku[20078188],c[2],w[400],h[300]&load=url[file:product]",25.99
20076795,Arizona Diamondbacks MLB Authentic Collection 59FIFTY Cap,http://shop.neweracap.com/Style/59Fifty-MLB-Authentic-Collection/20076795,"http://lf.lids.com/hwl?set=sku[20076795],c[2],w[400],h[300]&load=url[file:product]",34.99
20076676,St. Louis Cardinals MLB Authentic Collection 59FIFTY Cap,http://shop.neweracap.com/Style/59Fifty-MLB-Authentic-Collection/20076676,"http://lf.lids.com/hwl?set=sku[20076676],c[2],w[400],h[300]&load=url[file:product]",34.99
20076669,Pittsburgh Pirates MLB Authentic Collection 59FIFTY Cap,http://shop.neweracap.com/Style/59Fifty-MLB-Authentic-Collection/20076669,"http://lf.lids.com/hwl?set=sku[20076669],c[2],w[400],h[300]&load=url[file:product]",34.99
20076640,Cincinnati Reds MLB Authentic Collection 59FIFTY Cap,http://shop.neweracap.com/Style/59Fifty-MLB-Authentic-Collection/20076640,"http://lf.lids.com/hwl?set=sku[20076640],c[2],w[400],h[300]&load=url[file:product]",34.99
20076638,Cincinnati Reds MLB Authentic Collection 59FIFTY Cap,http://shop.neweracap.com/Style/59Fifty-MLB-Authentic-Collection/20076638,"http://lf.lids.com/hwl?set=sku[20076638],c[2],w[400],h[300]&load=url[file:product]",34.99
20076634,Chicago Cubs MLB Authentic Collection 59FIFTY Cap,http://shop.neweracap.com/Style/59Fifty-MLB-Authentic-Collection/20076634,"http://lf.lids.com/hwl?set=sku[20076634],c[2],w[400],h[300]&load=url[file:product]",34.99
20076632,Baltimore Orioles MLB Authentic Collection 59FIFTY Cap,http://shop.neweracap.com/Style/59Fifty-MLB-Authentic-Collection/20076632,"http://lf.lids.com/hwl?set=sku[20076632],c[2],w[400],h[300]&load=url[file:product]",34.99
20061625,Milwaukee Brewers MLB Authentic Collection 59FIFTY Cap,http://shop.neweracap.com/Style/59Fifty-MLB-Authentic-Collection/20061625,"http://lf.lids.com/hwl?set=sku[20061625],c[2],w[400],h[300]&load=url[file:product]",25.99
20058207,Chicago Cubs MLB Authentic Collection 59FIFTY Cap,http://shop.neweracap.com/Style/59Fifty-MLB-Authentic-Collection/20058207,"http://lf.lids.com/hwl?set=sku[20058207],c[2],w[400],h[300]&load=url[file:product]",25.99
20055154,Washington Nationals MLB Authentic Collection 59FIFTY Cap,http://shop.neweracap.com/Style/59Fifty-MLB-Authentic-Collection/20055154,"http://lf.lids.com/hwl?set=sku[20055154],c[2],w[400],h[300]&load=url[file:product]",25.99
20055152,Texas Rangers MLB Authentic Collection 59FIFTY Cap,http://shop.neweracap.com/Style/59Fifty-MLB-Authentic-Collection/20055152,"http://lf.lids.com/hwl?set=sku[20055152],c[2],w[400],h[300]&load=url[file:product]",25.99
20055147,Philadelphia Phillies MLB Authentic Collection 59FIFTY Cap,http://shop.neweracap.com/Style/59Fifty-MLB-Authentic-Collection/20055147,"http://lf.lids.com/hwl?set=sku[20055147],c[2],w[400],h[300]&load=url[file:product]",25.99
20055144,New York Mets MLB Authentic Collection 59FIFTY Cap,http://shop.neweracap.com/Style/59Fifty-MLB-Authentic-Collection/20055144,"http://lf.lids.com/hwl?set=sku[20055144],c[2],w[400],h[300]&load=url[file:product]",25.99
20055143,Minnesota Twins MLB Authentic Collection 59FIFTY Cap,http://shop.neweracap.com/Style/59Fifty-MLB-Authentic-Collection/20055143,"http://lf.lids.com/hwl?set=sku[20055143],c[2],w[400],h[300]&load=url[file:product]",25.99
20055142,Milwaukee Brewers MLB Authentic Collection 59FIFTY Cap,http://shop.neweracap.com/Style/59Fifty-MLB-Authentic-Collection/20055142,"http://lf.lids.com/hwl?set=sku[20055142],c[2],w[400],h[300]&load=url[file:product]",25.99
20055139,Kansas City Royals MLB Authentic Collection 59FIFTY Cap,http://shop.neweracap.com/Style/59Fifty-MLB-Authentic-Collection/20055139,"http://lf.lids.com/hwl?set=sku[20055139],c[2],w[400],h[300]&load=url[file:product]",25.99
20055136,Detroit Tigers MLB Authentic Collection 59FIFTY Cap,http://shop.neweracap.com/Style/59Fifty-MLB-Authentic-Collection/20055136,"http://lf.lids.com/hwl?set=sku[20055136],c[2],w[400],h[300]&load=url[file:product]",25.99
20055134,Cincinnati Reds MLB Authentic Collection 59FIFTY Cap,http://shop.neweracap.com/Style/59Fifty-MLB-Authentic-Collection/20055134,"http://lf.lids.com/hwl?set=sku[20055134],c[2],w[400],h[300]&load=url[file:product]",25.99
20055133,Chicago White Sox MLB Authentic Collection 59FIFTY Cap,http://shop.neweracap.com/Style/59Fifty-MLB-Authentic-Collection/20055133,"http://lf.lids.com/hwl?set=sku[20055133],c[2],w[400],h[300]&load=url[file:product]",25.99
20055132,Boston Red Sox MLB Authentic Collection 59FIFTY Cap,http://shop.neweracap.com/Style/59Fifty-MLB-Authentic-Collection/20055132,"http://lf.lids.com/hwl?set=sku[20055132],c[2],w[400],h[300]&load=url[file:product]",25.99
20055130,Atlanta Braves MLB Authentic Collection 59FIFTY Cap,http://shop.neweracap.com/Style/59Fifty-MLB-Authentic-Collection/20055130,"http://lf.lids.com/hwl?set=sku[20055130],c[2],w[400],h[300]&load=url[file:product]",25.99
